{"cameraMode":{"drawMode":0,"name":"Shaded","section":"Shading Mode"},"sceneLighting":true,"audioPlay":false,"sceneViewState":{"showFog":true,"showMaterialUpdate":false,"showSkybox":true,"showFlares":true,"showImageEffects":true,"showParticleSystems":true},"in2DMode":false,"pivot":{"x":-37.03129577636719,"y":5.105796813964844,"z":36.77099609375},"rotation":{"x":0.10030945390462876,"y":0.8634734153747559,"z":-0.18974557518959046,"w":0.45647069811820986},"size":131.1893310546875,"orthographic":false}