{"cameraMode":{"drawMode":0,"name":"Shaded","section":"Shading Mode"},"sceneLighting":true,"audioPlay":false,"sceneViewState":{"showFog":true,"showMaterialUpdate":false,"showSkybox":true,"showFlares":true,"showImageEffects":true,"showParticleSystems":true},"in2DMode":false,"pivot":{"x":-11.344407081604004,"y":0.17422080039978028,"z":-0.38959455490112307},"rotation":{"x":0.08999086916446686,"y":-0.547239363193512,"z":0.0593327172100544,"w":0.8300063014030457},"size":9.07232666015625,"orthographic":false}