{"cameraMode":{"drawMode":0,"name":"Shaded","section":"Shading Mode"},"sceneLighting":true,"audioPlay":false,"sceneViewState":{"showFog":true,"showMaterialUpdate":false,"showSkybox":true,"showFlares":true,"showImageEffects":true,"showParticleSystems":true},"in2DMode":false,"pivot":{"x":-17.132495880126954,"y":6.103160381317139,"z":12.860417366027832},"rotation":{"x":-0.08717107027769089,"y":0.8995779752731323,"z":-0.21044960618019105,"w":-0.3726549744606018},"size":16.285037994384767,"orthographic":false}