{"cameraMode":{"drawMode":0,"name":"Shaded","section":"Shading Mode"},"sceneLighting":true,"audioPlay":false,"sceneViewState":{"showFog":true,"showMaterialUpdate":false,"showSkybox":true,"showFlares":true,"showImageEffects":true,"showParticleSystems":true},"in2DMode":false,"pivot":{"x":-2371.73828125,"y":-2177.334716796875,"z":-2099.760009765625},"rotation":{"x":-0.22399963438510896,"y":0.6966626644134522,"z":-0.24542059004306794,"w":-0.6358363628387451},"size":8879.3447265625,"orthographic":false}