{"cameraMode":{"drawMode":0,"name":"Shaded","section":"Shading Mode"},"sceneLighting":true,"audioPlay":false,"sceneViewState":{"showFog":true,"showMaterialUpdate":false,"showSkybox":true,"showFlares":true,"showImageEffects":true,"showParticleSystems":true},"in2DMode":false,"pivot":{"x":1380.247314453125,"y":-514.907470703125,"z":887.642822265625},"rotation":{"x":-0.18422570824623109,"y":0.39297544956207278,"z":-0.08068383485078812,"w":-0.89728844165802},"size":4884.50439453125,"orthographic":false}