{"cameraMode":{"drawMode":0,"name":"Shaded","section":"Shading Mode"},"sceneLighting":false,"audioPlay":false,"sceneViewState":{"showFog":true,"showMaterialUpdate":true,"showSkybox":true,"showFlares":true,"showImageEffects":true,"showParticleSystems":true},"in2DMode":false,"pivot":{"x":-3.422096014022827,"y":4.185546398162842,"z":-9.108922958374024},"rotation":{"x":0.18270158767700196,"y":0.25792720913887026,"z":-0.04973755031824112,"w":0.9474323391914368},"size":11.327681541442871,"orthographic":false}