{"cameraMode":{"drawMode":0,"name":"Shaded","section":"Shading Mode"},"sceneLighting":false,"audioPlay":false,"sceneViewState":{"showFog":true,"showMaterialUpdate":true,"showSkybox":false,"showFlares":true,"showImageEffects":true,"showParticleSystems":true},"in2DMode":false,"pivot":{"x":-2.6446022987365724,"y":43.675697326660159,"z":-4.454403400421143},"rotation":{"x":0.011404809542000294,"y":0.9702261090278626,"z":-0.23743095993995667,"w":0.04660642147064209},"size":31.302085876464845,"orthographic":false}