{"cameraMode":{"drawMode":0,"name":"Shaded","section":"Shading Mode"},"sceneLighting":false,"audioPlay":false,"sceneViewState":{"showFog":true,"showMaterialUpdate":true,"showSkybox":true,"showFlares":true,"showImageEffects":true,"showParticleSystems":true},"in2DMode":false,"pivot":{"x":46.649539947509769,"y":2307.697265625,"z":-14.553352355957032},"rotation":{"x":0.03682044520974159,"y":0.9545049667358398,"z":-0.13286390900611878,"w":0.2644765079021454},"size":132.07643127441407,"orthographic":false}