{"cameraMode":{"drawMode":0,"name":"Shaded","section":"Shading Mode"},"sceneLighting":false,"audioPlay":false,"sceneViewState":{"showFog":true,"showMaterialUpdate":false,"showSkybox":false,"showFlares":true,"showImageEffects":true,"showParticleSystems":true},"in2DMode":false,"pivot":{"x":581.7518920898438,"y":-326.48699951171877,"z":773.783203125},"rotation":{"x":0.16115117073059083,"y":0.3165202736854553,"z":-0.05465888977050781,"w":0.9332050681114197},"size":1240.7569580078125,"orthographic":false}