{"cameraMode":{"drawMode":0,"name":"Shaded","section":"Shading Mode"},"sceneLighting":false,"audioPlay":false,"sceneViewState":{"showFog":true,"showMaterialUpdate":false,"showSkybox":false,"showFlares":true,"showImageEffects":true,"showParticleSystems":true},"in2DMode":false,"pivot":{"x":-883.46826171875,"y":-343.772216796875,"z":552.347900390625},"rotation":{"x":0.08283936232328415,"y":-0.8704386353492737,"z":0.15704497694969178,"w":0.4591485857963562},"size":2495.44189453125,"orthographic":false}