{"cameraMode":{"drawMode":0,"name":"Shaded","section":"Shading Mode"},"sceneLighting":true,"audioPlay":false,"sceneViewState":{"showFog":true,"showMaterialUpdate":false,"showSkybox":true,"showFlares":true,"showImageEffects":true,"showParticleSystems":true},"in2DMode":false,"pivot":{"x":361.5003662109375,"y":314.7778015136719,"z":-891.5623168945313},"rotation":{"x":-0.22966976463794709,"y":0.35413533449172976,"z":-0.09016925096511841,"w":-0.9020669460296631},"size":2479.508544921875,"orthographic":false}