{"cameraMode":{"drawMode":0,"name":"Shaded","section":"Shading Mode"},"sceneLighting":false,"audioPlay":false,"sceneViewState":{"showFog":true,"showMaterialUpdate":false,"showSkybox":false,"showFlares":true,"showImageEffects":true,"showParticleSystems":true},"in2DMode":false,"pivot":{"x":-47.531768798828128,"y":43.742427825927737,"z":24.8221435546875},"rotation":{"x":0.14840146899223329,"y":0.1798964887857437,"z":-0.02746504358947277,"w":0.9720461964607239},"size":195.02467346191407,"orthographic":false}