{"cameraMode":{"drawMode":0,"name":"Shaded","section":"Shading Mode"},"sceneLighting":true,"audioPlay":false,"sceneViewState":{"showFog":true,"showMaterialUpdate":false,"showSkybox":true,"showFlares":true,"showImageEffects":true,"showParticleSystems":true},"in2DMode":false,"pivot":{"x":328.8486022949219,"y":227.3082275390625,"z":-741.30712890625},"rotation":{"x":0.1506362408399582,"y":0.06075699254870415,"z":-0.00927611906081438,"w":0.9866839647293091},"size":1719.99462890625,"orthographic":false}