{"cameraMode":{"drawMode":0,"name":"Shaded","section":"Shading Mode"},"sceneLighting":false,"audioPlay":false,"sceneViewState":{"showFog":true,"showMaterialUpdate":false,"showSkybox":false,"showFlares":true,"showImageEffects":true,"showParticleSystems":true},"in2DMode":false,"pivot":{"x":573.6429443359375,"y":897.7219848632813,"z":-1266.9224853515625},"rotation":{"x":-0.01129327341914177,"y":-0.728928804397583,"z":-0.012028600089251995,"w":0.6843941807746887},"size":1428.680419921875,"orthographic":false}