{"cameraMode":{"drawMode":0,"name":"Shaded","section":"Shading Mode"},"sceneLighting":false,"audioPlay":false,"sceneViewState":{"showFog":true,"showMaterialUpdate":false,"showSkybox":false,"showFlares":true,"showImageEffects":true,"showParticleSystems":true},"in2DMode":false,"pivot":{"x":46.318355560302737,"y":132.64476013183595,"z":-954.9036865234375},"rotation":{"x":0.05392859876155853,"y":-0.6923156380653381,"z":0.05202130600810051,"w":0.717698335647583},"size":753.7634887695313,"orthographic":false}