{"cameraMode":{"drawMode":0,"name":"Shaded","section":"Shading Mode"},"sceneLighting":true,"audioPlay":false,"sceneViewState":{"showFog":true,"showMaterialUpdate":false,"showSkybox":true,"showFlares":true,"showImageEffects":true,"showParticleSystems":true},"in2DMode":false,"pivot":{"x":-18.837738037109376,"y":90.24139404296875,"z":-888.7999877929688},"rotation":{"x":0.30654090642929079,"y":0.634543776512146,"z":-0.3032463788986206,"w":0.6414372324943543},"size":7903.1669921875,"orthographic":false}