{"cameraMode":{"drawMode":0,"name":"Shaded","section":"Shading Mode"},"sceneLighting":false,"audioPlay":false,"sceneViewState":{"showFog":true,"showMaterialUpdate":false,"showSkybox":false,"showFlares":true,"showImageEffects":true,"showParticleSystems":true},"in2DMode":false,"pivot":{"x":44.85382080078125,"y":134.06829833984376,"z":213.1591796875},"rotation":{"x":0.28045371174812319,"y":0.028790617361664773,"z":-0.008416131138801575,"w":0.9593992233276367},"size":974.2410888671875,"orthographic":false}