{"cameraMode":{"drawMode":0,"name":"Shaded","section":"Shading Mode"},"sceneLighting":false,"audioPlay":false,"sceneViewState":{"showFog":true,"showMaterialUpdate":false,"showSkybox":false,"showFlares":true,"showImageEffects":true,"showParticleSystems":true},"in2DMode":false,"pivot":{"x":-2.308940887451172,"y":12.04095458984375,"z":23.07134246826172},"rotation":{"x":0.1894402801990509,"y":0.4081597924232483,"z":-0.08699671179056168,"w":0.8888002038002014},"size":68.14802551269531,"orthographic":false}