{"cameraMode":{"drawMode":0,"name":"Shaded","section":"Shading Mode"},"sceneLighting":false,"audioPlay":false,"sceneViewState":{"showFog":true,"showMaterialUpdate":true,"showSkybox":false,"showFlares":true,"showImageEffects":true,"showParticleSystems":true},"in2DMode":false,"pivot":{"x":279.3929138183594,"y":182.67486572265626,"z":-324.5405578613281},"rotation":{"x":0.0919453501701355,"y":-0.7093191742897034,"z":0.09417670220136643,"w":0.6924964785575867},"size":259.6450500488281,"orthographic":true}