{"cameraMode":{"drawMode":0,"name":"Shaded","section":"Shading Mode"},"sceneLighting":false,"audioPlay":false,"sceneViewState":{"showFog":true,"showMaterialUpdate":true,"showSkybox":false,"showFlares":true,"showImageEffects":true,"showParticleSystems":true},"in2DMode":false,"pivot":{"x":28.074769973754884,"y":2311.3486328125,"z":-5.776676177978516},"rotation":{"x":0.03682044520974159,"y":0.9545049667358398,"z":-0.13286390900611878,"w":0.2644765079021454},"size":71.65931701660156,"orthographic":false}