{"cameraMode":{"drawMode":0,"name":"Shaded","section":"Shading Mode"},"sceneLighting":false,"audioPlay":false,"sceneViewState":{"showFog":true,"showMaterialUpdate":false,"showSkybox":false,"showFlares":true,"showImageEffects":true,"showParticleSystems":true},"in2DMode":false,"pivot":{"x":1.857574462890625,"y":32.196563720703128,"z":-19.779014587402345},"rotation":{"x":0.12347637861967087,"y":0.6915687918663025,"z":-0.12178263068199158,"w":0.7011825442314148},"size":300.2578125,"orthographic":false}