{"cameraMode":{"drawMode":0,"name":"Shaded","section":"Shading Mode"},"sceneLighting":false,"audioPlay":false,"sceneViewState":{"showFog":true,"showMaterialUpdate":false,"showSkybox":false,"showFlares":true,"showImageEffects":true,"showParticleSystems":true},"in2DMode":false,"pivot":{"x":75.92317199707031,"y":270.696044921875,"z":-349.6492614746094},"rotation":{"x":0.27664026618003847,"y":-0.03630140796303749,"z":0.010462320409715176,"w":0.9602391123771668},"size":1179.452880859375,"orthographic":false}