{"cameraMode":{"drawMode":0,"name":"Shaded","section":"Shading Mode"},"sceneLighting":true,"audioPlay":false,"sceneViewState":{"showFog":true,"showMaterialUpdate":false,"showSkybox":true,"showFlares":true,"showImageEffects":true,"showParticleSystems":true},"in2DMode":false,"pivot":{"x":8533.19921875,"y":5827.2236328125,"z":2522.420654296875},"rotation":{"x":0.23913522064685822,"y":0.014285829849541188,"z":-0.0035150120966136457,"w":0.9708833694458008},"size":530.3578491210938,"orthographic":false}