{"cameraMode":{"drawMode":0,"name":"Shaded","section":"Shading Mode"},"sceneLighting":true,"audioPlay":false,"sceneViewState":{"showFog":true,"showMaterialUpdate":false,"showSkybox":true,"showFlares":true,"showImageEffects":true,"showParticleSystems":true},"in2DMode":false,"pivot":{"x":-6388.298828125,"y":6074.416015625,"z":4581.10009765625},"rotation":{"x":0.0989515408873558,"y":-0.6556283235549927,"z":0.08725146949291229,"w":0.7434765100479126},"size":2608.39892578125,"orthographic":false}