{"cameraMode":{"drawMode":0,"name":"Shaded","section":"Shading Mode"},"sceneLighting":false,"audioPlay":false,"sceneViewState":{"showFog":true,"showMaterialUpdate":false,"showSkybox":false,"showFlares":true,"showImageEffects":true,"showParticleSystems":true},"in2DMode":false,"pivot":{"x":309.3920593261719,"y":-105.2095947265625,"z":60.377994537353519},"rotation":{"x":-0.1183600127696991,"y":-0.6314756870269775,"z":0.09834667295217514,"w":-0.759983479976654},"size":809.8558349609375,"orthographic":false}