{"cameraMode":{"drawMode":0,"name":"Shaded","section":"Shading Mode"},"sceneLighting":false,"audioPlay":false,"sceneViewState":{"showFog":true,"showMaterialUpdate":false,"showSkybox":false,"showFlares":true,"showImageEffects":true,"showParticleSystems":true},"in2DMode":false,"pivot":{"x":350.1884765625,"y":120.93142700195313,"z":66.81600952148438},"rotation":{"x":0.07858283072710037,"y":-0.6804890036582947,"z":0.07378184050321579,"w":0.72480708360672},"size":908.7736206054688,"orthographic":false}