{"cameraMode":{"drawMode":0,"name":"Shaded","section":"Shading Mode"},"sceneLighting":false,"audioPlay":false,"sceneViewState":{"showFog":true,"showMaterialUpdate":false,"showSkybox":false,"showFlares":true,"showImageEffects":true,"showParticleSystems":true},"in2DMode":false,"pivot":{"x":881.0773315429688,"y":54.34832763671875,"z":-248.7880859375},"rotation":{"x":0.02946879342198372,"y":0.9698300361633301,"z":-0.15135011076927186,"w":0.18883298337459565},"size":2725.640380859375,"orthographic":false}