{"cameraMode":{"drawMode":0,"name":"Shaded","section":"Shading Mode"},"sceneLighting":true,"audioPlay":false,"sceneViewState":{"showFog":true,"showMaterialUpdate":false,"showSkybox":true,"showFlares":true,"showImageEffects":true,"showParticleSystems":true},"in2DMode":false,"pivot":{"x":2925.828125,"y":6413.7353515625,"z":4489.1318359375},"rotation":{"x":0.12128527462482453,"y":0.4673733115196228,"z":-0.06491009145975113,"w":0.8732923865318298},"size":14994.8935546875,"orthographic":false}