{"cameraMode":{"drawMode":0,"name":"Shaded","section":"Shading Mode"},"sceneLighting":false,"audioPlay":false,"sceneViewState":{"showFog":true,"showMaterialUpdate":false,"showSkybox":false,"showFlares":true,"showImageEffects":true,"showParticleSystems":true},"in2DMode":false,"pivot":{"x":110.3085708618164,"y":266.0395812988281,"z":22.540546417236329},"rotation":{"x":0.20699311792850495,"y":0.002654396928846836,"z":-0.0005576543044298887,"w":0.9783470034599304},"size":737.3950805664063,"orthographic":false}