{"cameraMode":{"drawMode":0,"name":"Shaded","section":"Shading Mode"},"sceneLighting":false,"audioPlay":false,"sceneViewState":{"showFog":true,"showMaterialUpdate":false,"showSkybox":false,"showFlares":true,"showImageEffects":true,"showParticleSystems":true},"in2DMode":false,"pivot":{"x":2.1206979751586916,"y":-0.538628101348877,"z":-4.468644142150879},"rotation":{"x":0.2226811796426773,"y":-0.060191135853528979,"z":0.013778586871922017,"w":0.9729393720626831},"size":11.431534767150879,"orthographic":false}