{"cameraMode":{"drawMode":0,"name":"Shaded","section":"Shading Mode"},"sceneLighting":false,"audioPlay":false,"sceneViewState":{"showFog":true,"showMaterialUpdate":false,"showSkybox":false,"showFlares":true,"showImageEffects":true,"showParticleSystems":true},"in2DMode":false,"pivot":{"x":-197.1210174560547,"y":-88.40869140625,"z":-96.05735778808594},"rotation":{"x":-0.06946402043104172,"y":0.9236035943031311,"z":-0.2012075036764145,"w":-0.3188513517379761},"size":653.298828125,"orthographic":false}