{"cameraMode":{"drawMode":0,"name":"Shaded","section":"Shading Mode"},"sceneLighting":false,"audioPlay":false,"sceneViewState":{"showFog":true,"showMaterialUpdate":false,"showSkybox":false,"showFlares":true,"showImageEffects":true,"showParticleSystems":true},"in2DMode":false,"pivot":{"x":337.1022644042969,"y":47.75791931152344,"z":113.86551666259766},"rotation":{"x":0.013754891231656075,"y":-0.7086764574050903,"z":-0.013821392320096493,"w":-0.7052721381187439},"size":845.364990234375,"orthographic":false}