{"cameraMode":{"drawMode":0,"name":"Shaded","section":"Shading Mode"},"sceneLighting":true,"audioPlay":false,"sceneViewState":{"showFog":true,"showMaterialUpdate":false,"showSkybox":true,"showFlares":true,"showImageEffects":true,"showParticleSystems":true},"in2DMode":false,"pivot":{"x":10014.2099609375,"y":4797.17236328125,"z":4078.988037109375},"rotation":{"x":0.5071952939033508,"y":-0.4903848171234131,"z":0.465160995721817,"w":0.5347139835357666},"size":7184.43896484375,"orthographic":false}