{"cameraMode":{"drawMode":0,"name":"Shaded","section":"Shading Mode"},"sceneLighting":false,"audioPlay":false,"sceneViewState":{"showFog":true,"showMaterialUpdate":false,"showSkybox":false,"showFlares":true,"showImageEffects":true,"showParticleSystems":true},"in2DMode":false,"pivot":{"x":-197.06344604492188,"y":-93.05072784423828,"z":-71.45990753173828},"rotation":{"x":0.11266743391752243,"y":-0.8309253454208374,"z":0.18232251703739167,"w":0.5134638547897339},"size":604.8343505859375,"orthographic":false}