{"cameraMode":{"drawMode":0,"name":"Shaded","section":"Shading Mode"},"sceneLighting":false,"audioPlay":false,"sceneViewState":{"showFog":true,"showMaterialUpdate":false,"showSkybox":false,"showFlares":true,"showImageEffects":true,"showParticleSystems":true},"in2DMode":false,"pivot":{"x":-157.67034912109376,"y":-88.57606506347656,"z":-495.6988525390625},"rotation":{"x":-0.013925958424806595,"y":0.9859715700149536,"z":-0.11020369082689285,"w":-0.12459246069192887},"size":823.0382080078125,"orthographic":false}