{"cameraMode":{"drawMode":0,"name":"Shaded","section":"Shading Mode"},"sceneLighting":false,"audioPlay":false,"sceneViewState":{"showFog":true,"showMaterialUpdate":false,"showSkybox":false,"showFlares":true,"showImageEffects":true,"showParticleSystems":true},"in2DMode":false,"pivot":{"x":2.544365406036377,"y":40.69792175292969,"z":-117.19770050048828},"rotation":{"x":-0.0012230704305693508,"y":0.9927207231521606,"z":-0.12001339346170426,"w":-0.010125819593667984},"size":304.5273742675781,"orthographic":false}