{"cameraMode":{"drawMode":0,"name":"Shaded","section":"Shading Mode"},"sceneLighting":true,"audioPlay":false,"sceneViewState":{"showFog":true,"showMaterialUpdate":false,"showSkybox":true,"showFlares":true,"showImageEffects":true,"showParticleSystems":true},"in2DMode":false,"pivot":{"x":474.234375,"y":-107.921875,"z":-735.2781982421875},"rotation":{"x":0.0027537487912923099,"y":0.9953979253768921,"z":-0.09163159877061844,"w":0.029250798746943475},"size":2613.083740234375,"orthographic":true}