{"cameraMode":{"drawMode":0,"name":"Shaded","section":"Shading Mode"},"sceneLighting":false,"audioPlay":false,"sceneViewState":{"showFog":true,"showMaterialUpdate":false,"showSkybox":false,"showFlares":true,"showImageEffects":true,"showParticleSystems":true},"in2DMode":false,"pivot":{"x":989.8160400390625,"y":33.01275634765625,"z":-907.3497314453125},"rotation":{"x":0.061009690165519717,"y":0.6868324279785156,"z":-0.05804421007633209,"w":0.721921443939209},"size":1491.8187255859375,"orthographic":false}