{"cameraMode":{"drawMode":0,"name":"Shaded","section":"Shading Mode"},"sceneLighting":false,"audioPlay":false,"sceneViewState":{"showFog":true,"showMaterialUpdate":false,"showSkybox":false,"showFlares":true,"showImageEffects":true,"showParticleSystems":true},"in2DMode":false,"pivot":{"x":-3084.162353515625,"y":14051.4384765625,"z":4331.20263671875},"rotation":{"x":-0.12103227525949478,"y":0.45667779445648196,"z":-0.06286409497261048,"w":-0.8791288733482361},"size":98.9339599609375,"orthographic":false}