{"cameraMode":{"drawMode":0,"name":"Shaded","section":"Shading Mode"},"sceneLighting":false,"audioPlay":false,"sceneViewState":{"showFog":true,"showMaterialUpdate":false,"showSkybox":false,"showFlares":true,"showImageEffects":true,"showParticleSystems":true},"in2DMode":false,"pivot":{"x":-705.053955078125,"y":-161.925048828125,"z":-1136.067138671875},"rotation":{"x":-0.24676533043384553,"y":0.36825212836265566,"z":-0.10203972458839417,"w":-0.8905552625656128},"size":8217.4072265625,"orthographic":false}