{"cameraMode":{"drawMode":0,"name":"Shaded","section":"Shading Mode"},"sceneLighting":false,"audioPlay":false,"sceneViewState":{"showFog":true,"showMaterialUpdate":false,"showSkybox":false,"showFlares":true,"showImageEffects":true,"showParticleSystems":true},"in2DMode":false,"pivot":{"x":11.31951904296875,"y":168.75868225097657,"z":195.75758361816407},"rotation":{"x":-0.10539513826370239,"y":0.5714183449745178,"z":-0.07429763674736023,"w":-0.8104782700538635},"size":1563.080322265625,"orthographic":false}