{"cameraMode":{"drawMode":0,"name":"Shaded","section":"Shading Mode"},"sceneLighting":false,"audioPlay":false,"sceneViewState":{"showFog":true,"showMaterialUpdate":false,"showSkybox":false,"showFlares":true,"showImageEffects":true,"showParticleSystems":true},"in2DMode":false,"pivot":{"x":9.2996826171875,"y":-165.1753387451172,"z":-341.57415771484377},"rotation":{"x":0.04972213879227638,"y":-0.94821697473526,"z":0.18728229403495789,"w":0.25174933671951296},"size":745.4132080078125,"orthographic":false}