{"cameraMode":{"drawMode":0,"name":"Shaded","section":"Shading Mode"},"sceneLighting":false,"audioPlay":false,"sceneViewState":{"showFog":true,"showMaterialUpdate":false,"showSkybox":false,"showFlares":true,"showImageEffects":true,"showParticleSystems":true},"in2DMode":false,"pivot":{"x":0.021599821746349336,"y":0.45917806029319765,"z":0.6137919425964356},"rotation":{"x":0.0032480794470757248,"y":-0.6920960545539856,"z":0.0031144781969487669,"w":0.7217925786972046},"size":3.4252467155456545,"orthographic":false}